<?xml version="1.0" encoding="UTF-8"?>
<serviceTemplates syntaxversion="2.1.0.0" xmlns="http://www.n-able.com"
    xmlns:xsi="http://www.w3.org/2001/XMLSchema-instance" xsi:schemaLocation="http://www.n-able.com file:///servicetemplate_v2_1_0_0.xsd">
    <serviceTemplate id="-1" version="2.1.0.0">
        <name>Automation - Windows System Health - Workstations</name>
        <description/>
        <deviceClass>Workstations - Windows</deviceClass>
        <removesServices>false</removesServices>
        <services>
            <service autoReapply="false" id="475667"
                isCustomService="true" name="System Health Score">
                <configurationName>System Health Score</configurationName>
                <action actionId="2"/>
                <parameters>
                    <parameter key="serviceIdentifier"
                        parameterId="802499836" type="2"
                        useAssetInfo="false" useDefaultValue="true" value=""/>
                    <parameter key="scan_interval"
                        parameterId="1606326063" type="2"
                        useAssetInfo="false" useDefaultValue="true" value="0 0 13 ? * 5L *"/>
                </parameters>
                <thresholds>
                    <threshold detailName="SD475667_outBaseScore"
                        monitoringType="Default" taskState="3"
                        valueHigh="9.9" valueLow="6.7" valueString="" valueStringEval=""/>
                    <threshold detailName="SD475667_outBaseScore"
                        monitoringType="Default" taskState="4"
                        valueHigh="6.6" valueLow="3.4" valueString="" valueStringEval=""/>
                    <threshold detailName="SD475667_outBaseScore"
                        monitoringType="Default" taskState="5"
                        valueHigh="3.3" valueLow="0" valueString="" valueStringEval=""/>
                    <threshold detailName="SD475667_outCPUScore"
                        monitoringType="Default" taskState="3"
                        valueHigh="9.9" valueLow="6.7" valueString="" valueStringEval=""/>
                    <threshold detailName="SD475667_outCPUScore"
                        monitoringType="Default" taskState="4"
                        valueHigh="6.6" valueLow="3.4" valueString="" valueStringEval=""/>
                    <threshold detailName="SD475667_outCPUScore"
                        monitoringType="Default" taskState="5"
                        valueHigh="3.3" valueLow="0" valueString="" valueStringEval=""/>
                    <threshold
                        detailName="SD475667_outCriticalAppEvents"
                        monitoringType="Default" taskState="3"
                        valueHigh="0" valueLow="0" valueString="" valueStringEval=""/>
                    <threshold
                        detailName="SD475667_outCriticalAppEvents"
                        monitoringType="Default" taskState="4"
                        valueHigh="1" valueLow="1" valueString="" valueStringEval=""/>
                    <threshold
                        detailName="SD475667_outCriticalAppEvents"
                        monitoringType="Default" taskState="5"
                        valueHigh="9223372036854775807" valueLow="2"
                        valueString="" valueStringEval=""/>
                    <threshold
                        detailName="SD475667_outCriticalSysEvents"
                        monitoringType="Default" taskState="3"
                        valueHigh="0" valueLow="0" valueString="" valueStringEval=""/>
                    <threshold
                        detailName="SD475667_outCriticalSysEvents"
                        monitoringType="Default" taskState="4"
                        valueHigh="1" valueLow="1" valueString="" valueStringEval=""/>
                    <threshold
                        detailName="SD475667_outCriticalSysEvents"
                        monitoringType="Default" taskState="5"
                        valueHigh="9223372036854775807" valueLow="2"
                        valueString="" valueStringEval=""/>
                    <threshold detailName="SD475667_outDiskScore"
                        monitoringType="Default" taskState="3"
                        valueHigh="9.9" valueLow="6.7" valueString="" valueStringEval=""/>
                    <threshold detailName="SD475667_outDiskScore"
                        monitoringType="Default" taskState="4"
                        valueHigh="6.6" valueLow="3.4" valueString="" valueStringEval=""/>
                    <threshold detailName="SD475667_outDiskScore"
                        monitoringType="Default" taskState="5"
                        valueHigh="3.3" valueLow="0" valueString="" valueStringEval=""/>
                    <threshold detailName="SD475667_outGraphicsScore"
                        monitoringType="Default" taskState="3"
                        valueHigh="9.9" valueLow="6.7" valueString="" valueStringEval=""/>
                    <threshold detailName="SD475667_outGraphicsScore"
                        monitoringType="Default" taskState="4"
                        valueHigh="6.6" valueLow="3.4" valueString="" valueStringEval=""/>
                    <threshold detailName="SD475667_outGraphicsScore"
                        monitoringType="Default" taskState="5"
                        valueHigh="3.3" valueLow="0" valueString="" valueStringEval=""/>
                    <threshold detailName="SD475667_outMemoryScore"
                        monitoringType="Default" taskState="3"
                        valueHigh="9.9" valueLow="6.7" valueString="" valueStringEval=""/>
                    <threshold detailName="SD475667_outMemoryScore"
                        monitoringType="Default" taskState="4"
                        valueHigh="6.6" valueLow="3.4" valueString="" valueStringEval=""/>
                    <threshold detailName="SD475667_outMemoryScore"
                        monitoringType="Default" taskState="5"
                        valueHigh="3.3" valueLow="0" valueString="" valueStringEval=""/>
                    <threshold detailName="SD475667_outStabilityIndex"
                        monitoringType="Default" taskState="3"
                        valueHigh="10" valueLow="6.7" valueString="" valueStringEval=""/>
                    <threshold detailName="SD475667_outStabilityIndex"
                        monitoringType="Default" taskState="4"
                        valueHigh="6.6" valueLow="3.4" valueString="" valueStringEval=""/>
                    <threshold detailName="SD475667_outStabilityIndex"
                        monitoringType="Default" taskState="5"
                        valueHigh="3.3" valueLow="0" valueString="" valueStringEval=""/>
                    <threshold detailName="SD475667_outThreeDScore"
                        monitoringType="Default" taskState="3"
                        valueHigh="9.9" valueLow="6.7" valueString="" valueStringEval=""/>
                    <threshold detailName="SD475667_outThreeDScore"
                        monitoringType="Default" taskState="4"
                        valueHigh="6.6" valueLow="3.4" valueString="" valueStringEval=""/>
                    <threshold detailName="SD475667_outThreeDScore"
                        monitoringType="Default" taskState="5"
                        valueHigh="3.3" valueLow="0" valueString="" valueStringEval=""/>
                    <threshold
                        detailName="SD475667_outUnexpectedShutdowns"
                        monitoringType="Default" taskState="3"
                        valueHigh="0" valueLow="0" valueString="" valueStringEval=""/>
                    <threshold
                        detailName="SD475667_outUnexpectedShutdowns"
                        monitoringType="Default" taskState="4"
                        valueHigh="1" valueLow="1" valueString="" valueStringEval=""/>
                    <threshold
                        detailName="SD475667_outUnexpectedShutdowns"
                        monitoringType="Default" taskState="5"
                        valueHigh="9223372036854775807" valueLow="2"
                        valueString="" valueStringEval=""/>
                    <threshold detailName="SD475667_outUptimeDays"
                        monitoringType="Default" taskState="3"
                        valueHigh="14" valueLow="0" valueString="" valueStringEval=""/>
                    <threshold detailName="SD475667_outUptimeDays"
                        monitoringType="Default" taskState="4"
                        valueHigh="21" valueLow="15" valueString="" valueStringEval=""/>
                    <threshold detailName="SD475667_outUptimeDays"
                        monitoringType="Default" taskState="5"
                        valueHigh="9223372036854775807" valueLow="22"
                        valueString="" valueStringEval=""/>
                </thresholds>
                <selfHealing>
                    <selfHealingProperty
                        key="retryMonitoringBeforeSelfHeal" value="false"/>
                    <selfHealingProperty key="executeSelfHeal" value="false"/>
                    <selfHealingProperty
                        key="retryMonitoringIntervalAfterSelfHeal" value="10"/>
                    <selfHealingProperty
                        key="retryMonitoringCountAfterSelfHeal" value="3"/>
                    <selfHealingProperty key="selectedAutomationPolicy" value=""/>
                    <selfHealingProperty key="notificationType" value="FollowStandardNotificationRules"/>
                    <selfHealingProperty
                        key="retryMonitoringCountBeforeSelfHeal" value="3"/>
                    <selfHealingProperty key="waitIntervalAfterSelfHeal" value="3"/>
                    <selfHealingProperty key="selectedStatuses" value=""/>
                    <selfHealingProperty
                        key="retryMonitoringIntervalBeforeSelfHeal" value="10"/>
                </selfHealing>
            </service>
        </services>
    </serviceTemplate>
</serviceTemplates>
